	Response Time (ms)	Cue Prob	Alignment	Congruency	CuedHalf	Participant
0	726.6969171169242	25 cue	Aligned	Congruent	Top	1
1	1976.9212039326912	25 cue	Aligned	Congruent	Top	2
2	776.1277288358087	25 cue	Aligned	Congruent	Top	3
3	592.3114105492926	25 cue	Aligned	Congruent	Top	4
4	413.0374925185499	25 cue	Aligned	Congruent	Top	5
5	465.0551012646342	25 cue	Aligned	Congruent	Top	6
6	1021.7646570886636	25 cue	Aligned	Congruent	Top	7
7	425.4194140032822	25 cue	Aligned	Congruent	Top	8
8	1051.5613531359236	25 cue	Aligned	Congruent	Top	9
9	536.8967096908128	25 cue	Aligned	Congruent	Top	10
10	835.2178998308123	25 cue	Aligned	Congruent	Top	11
11	871.3023149369595	25 cue	Aligned	Congruent	Top	12
12	572.1371465246663	25 cue	Aligned	Congruent	Top	13
13	1283.0051285028192	25 cue	Aligned	Congruent	Top	14
14	995.8265136184347	25 cue	Aligned	Congruent	Top	15
15	472.6296837402818	25 cue	Aligned	Congruent	Top	16
16	809.1272755494477	25 cue	Aligned	Congruent	Top	17
17	656.469454802749	25 cue	Aligned	Congruent	Top	18
18	488.4370587093262	25 cue	Aligned	Congruent	Top	19
19	253.18737034685913	25 cue	Aligned	Congruent	Top	20
20	971.9515145050301	25 cue	Aligned	Congruent	Top	21
21	1000.3322195506801	25 cue	Aligned	Congruent	Top	22
22	780.2443041000515	25 cue	Aligned	Congruent	Top	23
23	872.5269847127493	25 cue	Aligned	Congruent	Top	24
24	785.9350658099478	25 cue	Aligned	Congruent	Top	25
25	621.6542689834495	25 cue	Aligned	Congruent	Top	26
26	553.2619310843368	25 cue	Aligned	Congruent	Top	27
27	622.8729031499824	25 cue	Aligned	Congruent	Top	28
28	683.1210653692709	25 cue	Aligned	Congruent	Top	29
29	668.6097673441776	25 cue	Aligned	Congruent	Top	30
30	807.5977240360397	25 cue	Aligned	Congruent	Top	31
31	740.0356905817587	25 cue	MisAligned	Congruent	Top	1
32	1784.0673424368476	25 cue	MisAligned	Congruent	Top	2
33	915.61500990553	25 cue	MisAligned	Congruent	Top	3
34	607.3046692192403	25 cue	MisAligned	Congruent	Top	4
35	407.0122610351632	25 cue	MisAligned	Congruent	Top	5
36	597.8344919622675	25 cue	MisAligned	Congruent	Top	6
37	1142.2730430748354	25 cue	MisAligned	Congruent	Top	7
38	401.2270089118498	25 cue	MisAligned	Congruent	Top	8
39	929.1445355471229	25 cue	MisAligned	Congruent	Top	9
40	545.8810043810445	25 cue	MisAligned	Congruent	Top	10
41	915.6011566676744	25 cue	MisAligned	Congruent	Top	11
42	876.174601881108	25 cue	MisAligned	Congruent	Top	12
43	533.9420875106347	25 cue	MisAligned	Congruent	Top	13
44	1264.5910315753242	25 cue	MisAligned	Congruent	Top	14
45	879.3964256356223	25 cue	MisAligned	Congruent	Top	15
46	579.9024150815214	25 cue	MisAligned	Congruent	Top	16
47	1171.2030551483622	25 cue	MisAligned	Congruent	Top	17
48	703.4809600708883	25 cue	MisAligned	Congruent	Top	18
49	510.4076617970028	25 cue	MisAligned	Congruent	Top	19
50	320.85394808698607	25 cue	MisAligned	Congruent	Top	20
51	1011.4041089346366	25 cue	MisAligned	Congruent	Top	21
52	1115.2422149510433	25 cue	MisAligned	Congruent	Top	22
53	855.6529535818845	25 cue	MisAligned	Congruent	Top	23
54	967.0996201623764	25 cue	MisAligned	Congruent	Top	24
55	837.4798866739918	25 cue	MisAligned	Congruent	Top	25
56	728.6529536133693	25 cue	MisAligned	Congruent	Top	26
57	630.7176301566263	25 cue	MisAligned	Congruent	Top	27
58	750.6492992247184	25 cue	MisAligned	Congruent	Top	28
59	772.0989941233962	25 cue	MisAligned	Congruent	Top	29
60	863.5070255292313	25 cue	MisAligned	Congruent	Top	30
61	975.4910256661889	25 cue	MisAligned	Congruent	Top	31
62	839.8265690172723	25 cue	Aligned	Congruent	Bottom	1
63	1720.7232025440694	25 cue	Aligned	Congruent	Bottom	2
64	512.4845073944678	25 cue	Aligned	Congruent	Bottom	3
65	944.9546248658979	25 cue	Aligned	Congruent	Bottom	4
66	494.76961483976214	25 cue	Aligned	Congruent	Bottom	5
67	573.1090842232902	25 cue	Aligned	Congruent	Bottom	6
68	795.8695054193312	25 cue	Aligned	Congruent	Bottom	7
69	737.8472720398538	25 cue	Aligned	Congruent	Bottom	8
70	1468.114674953855	25 cue	Aligned	Congruent	Bottom	9
71	431.8237659354054	25 cue	Aligned	Congruent	Bottom	10
72	545.7196849302184	25 cue	Aligned	Congruent	Bottom	11
73	1225.450244387113	25 cue	Aligned	Congruent	Bottom	12
74	654.3315764310219	25 cue	Aligned	Congruent	Bottom	13
75	721.9222233841265	25 cue	Aligned	Congruent	Bottom	14
76	725.3457835759036	25 cue	Aligned	Congruent	Bottom	15
77	613.0179698398517	25 cue	Aligned	Congruent	Bottom	16
78	1069.8670886262528	25 cue	Aligned	Congruent	Bottom	17
79	567.0816563390965	25 cue	Aligned	Congruent	Bottom	18
80	549.2840515621033	25 cue	Aligned	Congruent	Bottom	19
81	368.98770212195814	25 cue	Aligned	Congruent	Bottom	20
82	1164.5420511971072	25 cue	Aligned	Congruent	Bottom	21
83	610.5238501615345	25 cue	Aligned	Congruent	Bottom	22
84	672.7161059970967	25 cue	Aligned	Congruent	Bottom	23
85	1162.758735823445	25 cue	Aligned	Congruent	Bottom	24
86	1007.9481987825905	25 cue	Aligned	Congruent	Bottom	25
87	436.3524966986116	25 cue	Aligned	Congruent	Bottom	26
88	494.4438465870917	25 cue	Aligned	Congruent	Bottom	27
89	467.7812345087146	25 cue	Aligned	Congruent	Bottom	28
90	1105.1118112042209	25 cue	Aligned	Congruent	Bottom	29
91	566.9312317093666	25 cue	Aligned	Congruent	Bottom	30
92	712.7605009385768	25 cue	Aligned	Congruent	Bottom	31
93	1033.8088404175571	25 cue	MisAligned	Congruent	Bottom	1
94	1660.106990619776	25 cue	MisAligned	Congruent	Bottom	2
95	775.9557244313445	25 cue	MisAligned	Congruent	Bottom	3
96	1003.0792233998192	25 cue	MisAligned	Congruent	Bottom	4
97	642.9562805276987	25 cue	MisAligned	Congruent	Bottom	5
98	778.4780022232667	25 cue	MisAligned	Congruent	Bottom	6
99	1128.4868090927287	25 cue	MisAligned	Congruent	Bottom	7
100	648.9082581856998	25 cue	MisAligned	Congruent	Bottom	8
101	1382.181219670149	25 cue	MisAligned	Congruent	Bottom	9
102	465.1002121299306	25 cue	MisAligned	Congruent	Bottom	10
103	627.4681268484061	25 cue	MisAligned	Congruent	Bottom	11
104	1464.8065521059834	25 cue	MisAligned	Congruent	Bottom	12
105	724.7281656765034	25 cue	MisAligned	Congruent	Bottom	13
106	714.6538992268795	25 cue	MisAligned	Congruent	Bottom	14
107	746.3162415163335	25 cue	MisAligned	Congruent	Bottom	15
108	654.9728898373961	25 cue	MisAligned	Congruent	Bottom	16
109	1273.9390316413326	25 cue	MisAligned	Congruent	Bottom	17
110	551.3832288925187	25 cue	MisAligned	Congruent	Bottom	18
111	493.9251358510874	25 cue	MisAligned	Congruent	Bottom	19
112	463.391364328205	25 cue	MisAligned	Congruent	Bottom	20
113	1161.5917929189488	25 cue	MisAligned	Congruent	Bottom	21
114	775.5507872490263	25 cue	MisAligned	Congruent	Bottom	22
115	595.9710668471149	25 cue	MisAligned	Congruent	Bottom	23
116	1750.9531146260324	25 cue	MisAligned	Congruent	Bottom	24
117	1246.1815250156048	25 cue	MisAligned	Congruent	Bottom	25
118	419.1649289423367	25 cue	MisAligned	Congruent	Bottom	26
119	493.46700664942284	25 cue	MisAligned	Congruent	Bottom	27
120	574.0337960564325	25 cue	MisAligned	Congruent	Bottom	28
121	1140.7984864698458	25 cue	MisAligned	Congruent	Bottom	29
122	616.6188493971864	25 cue	MisAligned	Congruent	Bottom	30
123	807.1045794434124	25 cue	MisAligned	Congruent	Bottom	31
124	693.5188227629799	25 cue	Aligned	Incongruent	Top	1
125	2292.923848252993	25 cue	Aligned	Incongruent	Top	2
126	799.0985676080223	25 cue	Aligned	Incongruent	Top	3
127	684.176274330887	25 cue	Aligned	Incongruent	Top	4
128	454.1006294642872	25 cue	Aligned	Incongruent	Top	5
129	562.0785982612721	25 cue	Aligned	Incongruent	Top	6
130	920.8965981112366	25 cue	Aligned	Incongruent	Top	7
131	363.70008093786055	25 cue	Aligned	Incongruent	Top	8
132	900.2838157342082	25 cue	Aligned	Incongruent	Top	9
133	653.5662744566199	25 cue	Aligned	Incongruent	Top	10
134	853.1653315422933	25 cue	Aligned	Incongruent	Top	11
135	923.0849171228903	25 cue	Aligned	Incongruent	Top	12
136	619.7902338839776	25 cue	Aligned	Incongruent	Top	13
137	1831.6171275660895	25 cue	Aligned	Incongruent	Top	14
138	865.9461994990189	25 cue	Aligned	Incongruent	Top	15
139	606.0777733327996	25 cue	Aligned	Incongruent	Top	16
140	744.7530954544034	25 cue	Aligned	Incongruent	Top	17
141	742.3221388045412	25 cue	Aligned	Incongruent	Top	18
142	517.16593106709	25 cue	Aligned	Incongruent	Top	19
143	263.940254735644	25 cue	Aligned	Incongruent	Top	20
144	863.6521732826766	25 cue	Aligned	Incongruent	Top	21
145	1105.8532041613944	25 cue	Aligned	Incongruent	Top	22
146	955.3881145649307	25 cue	Aligned	Incongruent	Top	23
147	778.1363085895363	25 cue	Aligned	Incongruent	Top	24
148	925.0243758200668	25 cue	Aligned	Incongruent	Top	25
149	746.2678623672289	25 cue	Aligned	Incongruent	Top	26
150	759.651488869598	25 cue	Aligned	Incongruent	Top	27
151	605.2587895343701	25 cue	Aligned	Incongruent	Top	28
152	743.6276387423277	25 cue	Aligned	Incongruent	Top	29
153	834.2933319297365	25 cue	Aligned	Incongruent	Top	30
154	1008.2753342809157	25 cue	Aligned	Incongruent	Top	31
155	681.6844664999129	25 cue	MisAligned	Incongruent	Top	1
156	1696.0696210757621	25 cue	MisAligned	Incongruent	Top	2
157	799.4382435189209	25 cue	MisAligned	Incongruent	Top	3
158	571.9559570089283	25 cue	MisAligned	Incongruent	Top	4
159	428.91622413662844	25 cue	MisAligned	Incongruent	Top	5
160	739.0482738904735	25 cue	MisAligned	Incongruent	Top	6
161	1517.2317054789996	25 cue	MisAligned	Incongruent	Top	7
162	431.1133650695583	25 cue	MisAligned	Incongruent	Top	8
163	866.0912884529656	25 cue	MisAligned	Incongruent	Top	9
164	689.1285886419064	25 cue	MisAligned	Incongruent	Top	10
165	885.584873682496	25 cue	MisAligned	Incongruent	Top	11
166	991.8360657017425	25 cue	MisAligned	Incongruent	Top	12
167	564.4395914485078	25 cue	MisAligned	Incongruent	Top	13
168	1618.9736150425654	25 cue	MisAligned	Incongruent	Top	14
169	768.5240845346357	25 cue	MisAligned	Incongruent	Top	15
170	591.1278578684594	25 cue	MisAligned	Incongruent	Top	16
171	1002.0981530542485	25 cue	MisAligned	Incongruent	Top	17
172	745.9097052030096	25 cue	MisAligned	Incongruent	Top	18
173	582.4563905556488	25 cue	MisAligned	Incongruent	Top	19
174	345.1311339507811	25 cue	MisAligned	Incongruent	Top	20
175	997.9345834263686	25 cue	MisAligned	Incongruent	Top	21
176	1059.9634597839959	25 cue	MisAligned	Incongruent	Top	22
177	870.8957847993588	25 cue	MisAligned	Incongruent	Top	23
178	927.8260381892323	25 cue	MisAligned	Incongruent	Top	24
179	745.008260446965	25 cue	MisAligned	Incongruent	Top	25
180	597.0577838597819	25 cue	MisAligned	Incongruent	Top	26
181	626.710927223458	25 cue	MisAligned	Incongruent	Top	27
182	601.2132099660282	25 cue	MisAligned	Incongruent	Top	28
183	955.3807361323076	25 cue	MisAligned	Incongruent	Top	29
184	861.0836725716514	25 cue	MisAligned	Incongruent	Top	30
185	929.0048089050861	25 cue	MisAligned	Incongruent	Top	31
186	916.4173747575842	25 cue	Aligned	Incongruent	Bottom	1
187	2326.2828358177408	25 cue	Aligned	Incongruent	Bottom	2
188	520.601177349885	25 cue	Aligned	Incongruent	Bottom	3
189	1207.9126229051494	25 cue	Aligned	Incongruent	Bottom	4
190	628.8116465821943	25 cue	Aligned	Incongruent	Bottom	5
191	786.404759617414	25 cue	Aligned	Incongruent	Bottom	6
192	1094.822784740245	25 cue	Aligned	Incongruent	Bottom	7
193	803.1066003793305	25 cue	Aligned	Incongruent	Bottom	8
194	1538.2105562511056	25 cue	Aligned	Incongruent	Bottom	9
195	520.8746271800129	25 cue	Aligned	Incongruent	Bottom	10
196	709.6664758961803	25 cue	Aligned	Incongruent	Bottom	11
197	1238.599821471408	25 cue	Aligned	Incongruent	Bottom	12
198	737.8156243756403	25 cue	Aligned	Incongruent	Bottom	13
199	881.903348075756	25 cue	Aligned	Incongruent	Bottom	14
200	726.8168043410697	25 cue	Aligned	Incongruent	Bottom	15
201	711.6264185361118	25 cue	Aligned	Incongruent	Bottom	16
202	1084.6141098280734	25 cue	Aligned	Incongruent	Bottom	17
203	572.1710460546699	25 cue	Aligned	Incongruent	Bottom	18
204	531.8690078165673	25 cue	Aligned	Incongruent	Bottom	19
205	437.6867697785862	25 cue	Aligned	Incongruent	Bottom	20
206	1158.8886324538005	25 cue	Aligned	Incongruent	Bottom	21
207	924.0729537559673	25 cue	Aligned	Incongruent	Bottom	22
208	518.5599762771744	25 cue	Aligned	Incongruent	Bottom	23
209	1850.8986401138827	25 cue	Aligned	Incongruent	Bottom	24
210	927.5584915531394	25 cue	Aligned	Incongruent	Bottom	25
211	475.0094899971937	25 cue	Aligned	Incongruent	Bottom	26
212	497.52229926417823	25 cue	Aligned	Incongruent	Bottom	27
213	686.3668258107888	25 cue	Aligned	Incongruent	Bottom	28
214	1118.5627659368847	25 cue	Aligned	Incongruent	Bottom	29
215	799.8382934663249	25 cue	Aligned	Incongruent	Bottom	30
216	854.7020774366783	25 cue	Aligned	Incongruent	Bottom	31
217	973.5323565340984	25 cue	MisAligned	Incongruent	Bottom	1
218	1865.9973456931766	25 cue	MisAligned	Incongruent	Bottom	2
219	624.7977299450819	25 cue	MisAligned	Incongruent	Bottom	3
220	1010.0870788300256	25 cue	MisAligned	Incongruent	Bottom	4
221	599.156169908096	25 cue	MisAligned	Incongruent	Bottom	5
222	690.3872894622656	25 cue	MisAligned	Incongruent	Bottom	6
223	1080.755637822828	25 cue	MisAligned	Incongruent	Bottom	7
224	762.4062622014795	25 cue	MisAligned	Incongruent	Bottom	8
225	1503.1284984508516	25 cue	MisAligned	Incongruent	Bottom	9
226	524.8610353661934	25 cue	MisAligned	Incongruent	Bottom	10
227	983.8958474210813	25 cue	MisAligned	Incongruent	Bottom	11
228	1517.7336057786306	25 cue	MisAligned	Incongruent	Bottom	12
229	718.2519722163903	25 cue	MisAligned	Incongruent	Bottom	13
230	695.9787383464572	25 cue	MisAligned	Incongruent	Bottom	14
231	814.8351729428564	25 cue	MisAligned	Incongruent	Bottom	15
232	771.6574072470318	25 cue	MisAligned	Incongruent	Bottom	16
233	1219.3738840097164	25 cue	MisAligned	Incongruent	Bottom	17
234	575.1155277310837	25 cue	MisAligned	Incongruent	Bottom	18
235	736.9239435756754	25 cue	MisAligned	Incongruent	Bottom	19
236	444.68568585051054	25 cue	MisAligned	Incongruent	Bottom	20
237	1205.7948122798864	25 cue	MisAligned	Incongruent	Bottom	21
238	843.359482747599	25 cue	MisAligned	Incongruent	Bottom	22
239	542.083177017048	25 cue	MisAligned	Incongruent	Bottom	23
240	1571.107696031686	25 cue	MisAligned	Incongruent	Bottom	24
241	1348.946197424084	25 cue	MisAligned	Incongruent	Bottom	25
242	494.02958278854686	25 cue	MisAligned	Incongruent	Bottom	26
243	519.1455479944125	25 cue	MisAligned	Incongruent	Bottom	27
244	766.0731781007988	25 cue	MisAligned	Incongruent	Bottom	28
245	1142.924540775961	25 cue	MisAligned	Incongruent	Bottom	29
246	587.7936869202291	25 cue	MisAligned	Incongruent	Bottom	30
247	811.6404995290113	25 cue	MisAligned	Incongruent	Bottom	31
248	562.4529784007622	75 cue	Aligned	Congruent	Top	1
249	929.0244271533002	75 cue	Aligned	Congruent	Top	2
250	427.98624640216497	75 cue	Aligned	Congruent	Top	3
251	516.0982548820277	75 cue	Aligned	Congruent	Top	4
252	398.84329667657875	75 cue	Aligned	Congruent	Top	5
253	404.877108448416	75 cue	Aligned	Congruent	Top	6
254	820.1809694644453	75 cue	Aligned	Congruent	Top	7
255	520.0626635550896	75 cue	Aligned	Congruent	Top	8
256	1016.9087731383684	75 cue	Aligned	Congruent	Top	9
257	439.38995897824327	75 cue	Aligned	Congruent	Top	10
258	615.7536692153718	75 cue	Aligned	Congruent	Top	11
259	803.7853228408243	75 cue	Aligned	Congruent	Top	12
260	558.3968708469044	75 cue	Aligned	Congruent	Top	13
261	434.4766962593846	75 cue	Aligned	Congruent	Top	14
262	486.88624663486945	75 cue	Aligned	Congruent	Top	15
263	686.5025161341276	75 cue	Aligned	Congruent	Top	16
264	1031.720200089504	75 cue	Aligned	Congruent	Top	17
265	437.2757201208434	75 cue	Aligned	Congruent	Top	18
266	508.34932890429627	75 cue	Aligned	Congruent	Top	19
267	400.3498222023903	75 cue	Aligned	Congruent	Top	20
268	878.8910461454064	75 cue	Aligned	Congruent	Top	21
269	604.2563098352738	75 cue	Aligned	Congruent	Top	22
270	549.7868176487207	75 cue	Aligned	Congruent	Top	23
271	1271.2916054633051	75 cue	Aligned	Congruent	Top	24
272	779.9863255231128	75 cue	Aligned	Congruent	Top	25
273	421.03298125577345	75 cue	Aligned	Congruent	Top	26
274	437.86598455515644	75 cue	Aligned	Congruent	Top	27
275	462.15553380497687	75 cue	Aligned	Congruent	Top	28
276	889.9668686202552	75 cue	Aligned	Congruent	Top	29
277	445.1993774363445	75 cue	Aligned	Congruent	Top	30
278	691.4615772468029	75 cue	Aligned	Congruent	Top	31
279	605.3372633965909	75 cue	MisAligned	Congruent	Top	1
280	1213.658335537184	75 cue	MisAligned	Congruent	Top	2
281	482.6974706634135	75 cue	MisAligned	Congruent	Top	3
282	554.9300023924573	75 cue	MisAligned	Congruent	Top	4
283	408.6971695553897	75 cue	MisAligned	Congruent	Top	5
284	686.2973397707949	75 cue	MisAligned	Congruent	Top	6
285	817.4388275623372	75 cue	MisAligned	Congruent	Top	7
286	535.1363104447955	75 cue	MisAligned	Congruent	Top	8
287	1065.9781116404206	75 cue	MisAligned	Congruent	Top	9
288	450.59976151328215	75 cue	MisAligned	Congruent	Top	10
289	627.7591051152697	75 cue	MisAligned	Congruent	Top	11
290	809.3394810709622	75 cue	MisAligned	Congruent	Top	12
291	569.7999067407596	75 cue	MisAligned	Congruent	Top	13
292	418.1405328700256	75 cue	MisAligned	Congruent	Top	14
293	511.9982804479454	75 cue	MisAligned	Congruent	Top	15
294	603.3868097025764	75 cue	MisAligned	Congruent	Top	16
295	1157.3741178234036	75 cue	MisAligned	Congruent	Top	17
296	447.8664233594	75 cue	MisAligned	Congruent	Top	18
297	509.6646483814989	75 cue	MisAligned	Congruent	Top	19
298	430.61837880214784	75 cue	MisAligned	Congruent	Top	20
299	904.1643882458586	75 cue	MisAligned	Congruent	Top	21
300	625.8201627128585	75 cue	MisAligned	Congruent	Top	22
301	541.8849971848634	75 cue	MisAligned	Congruent	Top	23
302	1101.290919515054	75 cue	MisAligned	Congruent	Top	24
303	775.6399646300592	75 cue	MisAligned	Congruent	Top	25
304	484.17374367868024	75 cue	MisAligned	Congruent	Top	26
305	428.21614486216515	75 cue	MisAligned	Congruent	Top	27
306	530.82311862076	75 cue	MisAligned	Congruent	Top	28
307	772.5875315379228	75 cue	MisAligned	Congruent	Top	29
308	493.0451966455563	75 cue	MisAligned	Congruent	Top	30
309	647.1467355935318	75 cue	MisAligned	Congruent	Top	31
310	516.0088779374345	75 cue	Aligned	Congruent	Bottom	1
311	694.0028561115595	75 cue	Aligned	Congruent	Bottom	2
312	757.6949626217407	75 cue	Aligned	Congruent	Bottom	3
313	386.27583429417	75 cue	Aligned	Congruent	Bottom	4
314	409.5587533696204	75 cue	Aligned	Congruent	Bottom	5
315	435.66018736080593	75 cue	Aligned	Congruent	Bottom	6
316	1005.844415593961	75 cue	Aligned	Congruent	Bottom	7
317	334.6953656789924	75 cue	Aligned	Congruent	Bottom	8
318	695.301979218093	75 cue	Aligned	Congruent	Bottom	9
319	477.7269006914529	75 cue	Aligned	Congruent	Bottom	10
320	847.5728840081655	75 cue	Aligned	Congruent	Bottom	11
321	587.9767634764636	75 cue	Aligned	Congruent	Bottom	12
322	401.6695311758539	75 cue	Aligned	Congruent	Bottom	13
323	565.3585801428396	75 cue	Aligned	Congruent	Bottom	14
324	882.4257754409483	75 cue	Aligned	Congruent	Bottom	15
325	483.7979280695062	75 cue	Aligned	Congruent	Bottom	16
326	882.9527538508516	75 cue	Aligned	Congruent	Bottom	17
327	579.8080287202574	75 cue	Aligned	Congruent	Bottom	18
328	459.790335302132	75 cue	Aligned	Congruent	Bottom	19
329	269.1706906438672	75 cue	Aligned	Congruent	Bottom	20
330	584.4189279025546	75 cue	Aligned	Congruent	Bottom	21
331	813.1637962502057	75 cue	Aligned	Congruent	Bottom	22
332	757.6143205352128	75 cue	Aligned	Congruent	Bottom	23
333	663.2080583134666	75 cue	Aligned	Congruent	Bottom	24
334	658.3237696856683	75 cue	Aligned	Congruent	Bottom	25
335	607.4053384945728	75 cue	Aligned	Congruent	Bottom	26
336	614.0749704356145	75 cue	Aligned	Congruent	Bottom	27
337	449.3661490629338	75 cue	Aligned	Congruent	Bottom	28
338	641.7020787598519	75 cue	Aligned	Congruent	Bottom	29
339	667.0022626754409	75 cue	Aligned	Congruent	Bottom	30
340	681.2849900007926	75 cue	Aligned	Congruent	Bottom	31
341	582.2850173606317	75 cue	MisAligned	Congruent	Bottom	1
342	816.3021924557532	75 cue	MisAligned	Congruent	Bottom	2
343	782.935112760282	75 cue	MisAligned	Congruent	Bottom	3
344	398.95174277706315	75 cue	MisAligned	Congruent	Bottom	4
345	366.6232462487587	75 cue	MisAligned	Congruent	Bottom	5
346	550.3045382983731	75 cue	MisAligned	Congruent	Bottom	6
347	961.9051501402423	75 cue	MisAligned	Congruent	Bottom	7
348	347.1051932570117	75 cue	MisAligned	Congruent	Bottom	8
349	691.2720062812749	75 cue	MisAligned	Congruent	Bottom	9
350	498.0880134910067	75 cue	MisAligned	Congruent	Bottom	10
351	897.6663588485237	75 cue	MisAligned	Congruent	Bottom	11
352	592.0589421892095	75 cue	MisAligned	Congruent	Bottom	12
353	398.5276211150659	75 cue	MisAligned	Congruent	Bottom	13
354	609.9800058069117	75 cue	MisAligned	Congruent	Bottom	14
355	795.8654634091678	75 cue	MisAligned	Congruent	Bottom	15
356	515.6378899191623	75 cue	MisAligned	Congruent	Bottom	16
357	994.1333609537292	75 cue	MisAligned	Congruent	Bottom	17
358	584.7897913242435	75 cue	MisAligned	Congruent	Bottom	18
359	552.5162812906123	75 cue	MisAligned	Congruent	Bottom	19
360	297.84754806628024	75 cue	MisAligned	Congruent	Bottom	20
361	625.9437754195893	75 cue	MisAligned	Congruent	Bottom	21
362	890.9737127833068	75 cue	MisAligned	Congruent	Bottom	22
363	686.1593956754615	75 cue	MisAligned	Congruent	Bottom	23
364	646.5924911392743	75 cue	MisAligned	Congruent	Bottom	24
365	1034.4473177261248	75 cue	MisAligned	Congruent	Bottom	25
366	609.183538594696	75 cue	MisAligned	Congruent	Bottom	26
367	541.7653655582615	75 cue	MisAligned	Congruent	Bottom	27
368	454.41899087492624	75 cue	MisAligned	Congruent	Bottom	28
369	576.482248090377	75 cue	MisAligned	Congruent	Bottom	29
370	687.5794160179794	75 cue	MisAligned	Congruent	Bottom	30
371	683.9689493997756	75 cue	MisAligned	Congruent	Bottom	31
372	644.671071226322	75 cue	Aligned	Incongruent	Top	1
373	940.3272572216457	75 cue	Aligned	Incongruent	Top	2
374	650.3700520453484	75 cue	Aligned	Incongruent	Top	3
375	541.8170382136097	75 cue	Aligned	Incongruent	Top	4
376	402.2139632056103	75 cue	Aligned	Incongruent	Top	5
377	496.10326034984183	75 cue	Aligned	Incongruent	Top	6
378	919.9197562707392	75 cue	Aligned	Incongruent	Top	7
379	472.24178775694463	75 cue	Aligned	Incongruent	Top	8
380	1013.5623157242435	75 cue	Aligned	Incongruent	Top	9
381	496.5918170163581	75 cue	Aligned	Incongruent	Top	10
382	593.2577093733518	75 cue	Aligned	Incongruent	Top	11
383	957.9669609953846	75 cue	Aligned	Incongruent	Top	12
384	574.044143366571	75 cue	Aligned	Incongruent	Top	13
385	504.44938658444136	75 cue	Aligned	Incongruent	Top	14
386	554.4832810854496	75 cue	Aligned	Incongruent	Top	15
387	611.0080445426073	75 cue	Aligned	Incongruent	Top	16
388	995.5457279353166	75 cue	Aligned	Incongruent	Top	17
389	495.38134659815114	75 cue	Aligned	Incongruent	Top	18
390	498.1256828305601	75 cue	Aligned	Incongruent	Top	19
391	418.1953915114324	75 cue	Aligned	Incongruent	Top	20
392	914.4020627962078	75 cue	Aligned	Incongruent	Top	21
393	681.6909994360886	75 cue	Aligned	Incongruent	Top	22
394	569.7059826605255	75 cue	Aligned	Incongruent	Top	23
395	1236.5767120653272	75 cue	Aligned	Incongruent	Top	24
396	796.665255075846	75 cue	Aligned	Incongruent	Top	25
397	471.39956183250877	75 cue	Aligned	Incongruent	Top	26
398	463.65204765700184	75 cue	Aligned	Incongruent	Top	27
399	520.1697516767308	75 cue	Aligned	Incongruent	Top	28
400	804.4326460208702	75 cue	Aligned	Incongruent	Top	29
401	493.4769246623748	75 cue	Aligned	Incongruent	Top	30
402	766.9948650324451	75 cue	Aligned	Incongruent	Top	31
403	575.0602462642557	75 cue	MisAligned	Incongruent	Top	1
404	1338.2154718186625	75 cue	MisAligned	Incongruent	Top	2
405	578.3837656882965	75 cue	MisAligned	Incongruent	Top	3
406	527.4719539594658	75 cue	MisAligned	Incongruent	Top	4
407	410.89295070382235	75 cue	MisAligned	Incongruent	Top	5
408	487.910547573487	75 cue	MisAligned	Incongruent	Top	6
409	816.7693718322631	75 cue	MisAligned	Incongruent	Top	7
410	467.50109110815265	75 cue	MisAligned	Incongruent	Top	8
411	1038.9998388945542	75 cue	MisAligned	Incongruent	Top	9
412	464.63176757468574	75 cue	MisAligned	Incongruent	Top	10
413	700.992738558125	75 cue	MisAligned	Incongruent	Top	11
414	876.0632843392985	75 cue	MisAligned	Incongruent	Top	12
415	580.8269254140565	75 cue	MisAligned	Incongruent	Top	13
416	460.183478135276	75 cue	MisAligned	Incongruent	Top	14
417	489.32838203238657	75 cue	MisAligned	Incongruent	Top	15
418	917.5362867543548	75 cue	MisAligned	Incongruent	Top	16
419	1258.1089505543744	75 cue	MisAligned	Incongruent	Top	17
420	459.56195591570577	75 cue	MisAligned	Incongruent	Top	18
421	501.53860943047965	75 cue	MisAligned	Incongruent	Top	19
422	382.1753744374622	75 cue	MisAligned	Incongruent	Top	20
423	894.1938803887907	75 cue	MisAligned	Incongruent	Top	21
424	732.7178870574297	75 cue	MisAligned	Incongruent	Top	22
425	588.587827946025	75 cue	MisAligned	Incongruent	Top	23
426	1350.7250129369759	75 cue	MisAligned	Incongruent	Top	24
427	757.0569347261207	75 cue	MisAligned	Incongruent	Top	25
428	537.3399042679617	75 cue	MisAligned	Incongruent	Top	26
429	442.03507931619555	75 cue	MisAligned	Incongruent	Top	27
430	506.74688043473395	75 cue	MisAligned	Incongruent	Top	28
431	787.9582878961725	75 cue	MisAligned	Incongruent	Top	29
432	564.8802146315575	75 cue	MisAligned	Incongruent	Top	30
433	755.9190325406488	75 cue	MisAligned	Incongruent	Top	31
434	631.831160417965	75 cue	Aligned	Incongruent	Bottom	1
435	813.7374410758939	75 cue	Aligned	Incongruent	Bottom	2
436	833.6035600283535	75 cue	Aligned	Incongruent	Bottom	3
437	443.01052811640733	75 cue	Aligned	Incongruent	Bottom	4
438	419.3932062471306	75 cue	Aligned	Incongruent	Bottom	5
439	504.41799275064125	75 cue	Aligned	Incongruent	Bottom	6
440	1056.6357134375721	75 cue	Aligned	Incongruent	Bottom	7
441	355.385861778625	75 cue	Aligned	Incongruent	Bottom	8
442	721.0781839462015	75 cue	Aligned	Incongruent	Bottom	9
443	514.7558305900606	75 cue	Aligned	Incongruent	Bottom	10
444	1033.7029292879215	75 cue	Aligned	Incongruent	Bottom	11
445	662.7452797345417	75 cue	Aligned	Incongruent	Bottom	12
446	407.05562213438145	75 cue	Aligned	Incongruent	Bottom	13
447	729.108698345689	75 cue	Aligned	Incongruent	Bottom	14
448	858.0071941983168	75 cue	Aligned	Incongruent	Bottom	15
449	772.3842502245822	75 cue	Aligned	Incongruent	Bottom	16
450	902.0048896306737	75 cue	Aligned	Incongruent	Bottom	17
451	591.5771610398574	75 cue	Aligned	Incongruent	Bottom	18
452	468.45880297850175	75 cue	Aligned	Incongruent	Bottom	19
453	243.94989113789052	75 cue	Aligned	Incongruent	Bottom	20
454	607.1959566502103	75 cue	Aligned	Incongruent	Bottom	21
455	903.3402813271292	75 cue	Aligned	Incongruent	Bottom	22
456	697.0361275505275	75 cue	Aligned	Incongruent	Bottom	23
457	706.8644040817162	75 cue	Aligned	Incongruent	Bottom	24
458	870.8944655196176	75 cue	Aligned	Incongruent	Bottom	25
459	676.2038913432337	75 cue	Aligned	Incongruent	Bottom	26
460	599.8601576525576	75 cue	Aligned	Incongruent	Bottom	27
461	474.4079277086793	75 cue	Aligned	Incongruent	Bottom	28
462	638.8573261676356	75 cue	Aligned	Incongruent	Bottom	29
463	747.8187860280741	75 cue	Aligned	Incongruent	Bottom	30
464	821.955910867969	75 cue	Aligned	Incongruent	Bottom	31
465	566.353138737751	75 cue	MisAligned	Incongruent	Bottom	1
466	796.6351182100348	75 cue	MisAligned	Incongruent	Bottom	2
467	741.9206021650848	75 cue	MisAligned	Incongruent	Bottom	3
468	430.53773889929005	75 cue	MisAligned	Incongruent	Bottom	4
469	385.5447518647074	75 cue	MisAligned	Incongruent	Bottom	5
470	604.0300213309258	75 cue	MisAligned	Incongruent	Bottom	6
471	1017.372929199947	75 cue	MisAligned	Incongruent	Bottom	7
472	345.5297095759652	75 cue	MisAligned	Incongruent	Bottom	8
473	738.0607621578747	75 cue	MisAligned	Incongruent	Bottom	9
474	516.8299140416294	75 cue	MisAligned	Incongruent	Bottom	10
475	900.966060526116	75 cue	MisAligned	Incongruent	Bottom	11
476	635.1905013356009	75 cue	MisAligned	Incongruent	Bottom	12
477	397.8486698969409	75 cue	MisAligned	Incongruent	Bottom	13
478	643.335506690164	75 cue	MisAligned	Incongruent	Bottom	14
479	841.5710755684553	75 cue	MisAligned	Incongruent	Bottom	15
480	624.389326355918	75 cue	MisAligned	Incongruent	Bottom	16
481	893.900474494271	75 cue	MisAligned	Incongruent	Bottom	17
482	596.727733485912	75 cue	MisAligned	Incongruent	Bottom	18
483	660.8953939759649	75 cue	MisAligned	Incongruent	Bottom	19
484	252.53008198924366	75 cue	MisAligned	Incongruent	Bottom	20
485	593.769834706715	75 cue	MisAligned	Incongruent	Bottom	21
486	947.681720533064	75 cue	MisAligned	Incongruent	Bottom	22
487	729.3342146288909	75 cue	MisAligned	Incongruent	Bottom	23
488	635.5824606684857	75 cue	MisAligned	Incongruent	Bottom	24
489	743.5089033122064	75 cue	MisAligned	Incongruent	Bottom	25
490	604.6007540222113	75 cue	MisAligned	Incongruent	Bottom	26
491	562.3247390511729	75 cue	MisAligned	Incongruent	Bottom	27
492	457.4440351331278	75 cue	MisAligned	Incongruent	Bottom	28
493	605.2168114831493	75 cue	MisAligned	Incongruent	Bottom	29
494	730.1459291756347	75 cue	MisAligned	Incongruent	Bottom	30
495	831.3264690622614	75 cue	MisAligned	Incongruent	Bottom	31
